register_owner,2026-06-03T22:30:47
register_vet,2026-06-03T22:30:47
register_pet,2026-06-03T22:30:47
schedule_appointment,2026-06-03T22:30:47
list_all_appointments,2026-06-03T22:30:47
find_pet_by_id,2026-06-03T22:30:47
add_medical_notes,2026-06-03T22:30:47
finalize_billing_transaction,2026-06-03T22:30:47
demonstrate_rollback_exception,2026-06-03T22:30:47
execute_relational_join_reports,2026-06-03T22:30:47
delete_pet_record,2026-06-03T22:30:47
register_owner,2026-06-03T22:31:06
register_vet,2026-06-03T22:31:06
register_pet,2026-06-03T22:31:06
schedule_appointment,2026-06-03T22:31:06
list_all_appointments,2026-06-03T22:31:06
find_pet_by_id,2026-06-03T22:31:06
add_medical_notes,2026-06-03T22:31:06
finalize_billing_transaction,2026-06-03T22:31:06
demonstrate_rollback_exception,2026-06-03T22:31:06
execute_relational_join_reports,2026-06-03T22:31:06
delete_pet_record,2026-06-03T22:31:06
